{
  "mean": 621.7107371794872,
  "std": 1607.7218210832611,
  "threshold": 3837.1543793460096
}